conversation_id,main_topic,situation,confidence,reasoning
1,Team Dynamics,Collaboration issues,0.9,"The conversation primarily revolves around the challenges of getting managers to enroll their team members in training sessions, highlighting issues of collaboration and communication between departments. The user's feelings of being undervalued and the need for better engagement from managers indicate a significant concern regarding team dynamics and collaboration."
2,Performance Related,Poor quality work,0.9,"The conversation primarily focused on the low performance of the senior developer during on-call rotations, specifically highlighting missed messages and responses. This directly relates to concerns about performance quality, making it the dominant topic in the discussion."
3,Project Management,Resource allocation conflicts,0.9,"The conversation primarily revolves around the need to address the surplus Leader position and the implications of creating a new role within the team, which directly relates to resource allocation and management in the context of project execution and team structure."
4,Performance Related,Poor quality work,0.9,"The conversation primarily focused on the senior developer's low performance during on-call rotations, which is indicative of poor quality work. The tech lead was addressing specific performance issues, making this the most relevant category."
5,Team Dynamics,Collaboration issues,0.9,"The conversation primarily revolves around a team not following established processes, which is causing frustration and impacting the user's ability to manage their workload. This indicates a collaboration issue within the team dynamics, as the lack of adherence to processes affects teamwork and productivity."
6,Career Development,Unmet salary expectations,0.9,"The conversation primarily revolves around a team member's request for a promotion and salary increase, which falls under career development. The manager expresses support but highlights constraints, indicating a focus on career growth and addressing unmet expectations."
7,Work Life Balance,Flexible work arrangements,0.85,"The conversation revolves around a team member's shift schedule and the implications it has on team dynamics and fairness. The user expresses concerns about how this decision affects the team's workflow and the need for transparency and fairness in scheduling, which aligns with discussions about flexible work arrangements."
8,Interpersonal Conflicts,Personality clashes,0.9,"The conversation revolves around a difficult dynamic between the user and their cousin, characterized by interruptions, belittling behavior, and a lack of mutual respect. These elements indicate a personality clash and interpersonal conflict, making this the most dominant topic."
9,Career Development,Unmet salary expectations,0.8,"The conversation revolves around an employee's dissatisfaction with the timing of a bonus component, which relates to her perceived recognition and fairness in compensation. While it doesn't directly address salary, it reflects concerns about how her contributions are valued, which aligns with unmet expectations in career development."
10,Project Management,Project approach disagreements,0.9,"The conversation primarily revolves around frustrations with the project management approach, specifically the excessive emphasis on detailed planning over agile methodologies and the re-evaluation of a feature design. This indicates a disagreement on the project approach, making it the most relevant situation within the Project Management category."
11,Performance Related,Poor quality work,0.9,"The conversation centers around Andrea's failure to document coaching sessions, which is impacting the ability to proceed with disciplinary actions. This reflects concerns about the quality of her work and adherence to necessary processes, thus categorizing it under performance-related issues."
12,Performance Related,Productivity concerns,0.9,"The conversation revolves around the performance issues of team members in relation to client escalations, specifically highlighting concerns about timely checking of hold tickets and the effectiveness of workload distribution. This aligns closely with productivity concerns within the performance-related category."
13,Career Development,Unmet salary expectations,0.9,"The conversation revolves around the user's concerns about salary discrepancies compared to peers and the desire for a raise, indicating a focus on career development and unmet salary expectations."
14,Career Development,Declining promotions,0.95,"The conversation primarily revolves around the concern of team members not receiving promotions despite their long tenure and the presence of external hires. The user is advocating for the career growth of internal team members, which aligns closely with the 'Career Development' category, specifically addressing the issue of declining promotions."
15,Project Management,Project approach disagreements,0.85,"The conversation revolves around concerns about the future of an AI tool used for language training, including potential shifts in investment and the impact on the current program's success. The user expresses anxiety about being left out of the development process and the need for recognition, indicating a disagreement on the approach to project management and tool development."
16,Organizational Changes,Severance payment discussions due to site closure,0.9,"The conversation primarily revolves around negotiations related to severance payments in the context of a site closure, which is a significant organizational change affecting employees. The discussion includes legal perspectives and employee welfare, aligning closely with the category of Organizational Changes."
17,Performance Related,Attendance/punctuality issues,0.95,"The conversation primarily revolves around addressing an employee's punctuality issue, which falls under attendance concerns. The user expresses frustration about the employee's lateness and its impact on the team, indicating a clear focus on performance-related issues."
18,Work Life Balance,Personal issues affecting work,0.85,"The conversation primarily revolves around a team member's dissatisfaction and burnout, which are impacting her performance and the team's dynamics. The focus on her feelings of being undervalued and the resulting complaints indicates a significant personal issue affecting her work life."
